insert into USERS (id, first_name, last_name, email, birth_date, password, registration_date, is_admin) 
 values
	('1', 'Iogann', 'Kepler', 'kepler111@gmail.com', '1970-01-01', '123', '2017-05-15', 'false'),
	('2', 'Ilon', 'Mask', 'imask@gmail.com', '1970-01-01', '123', '2017-06-13', 'true'),
	('3', 'Karl', 'Sagan', 'ksagan@gmail.com', '1934-01-01', '123', '2017-06-11', 'false'),
	('4', 'Stephen', 'Hocking', 'shocking@gmail.com', '1950-05-05', '123', '2017-09-12', 'false'),
   	('5', 'Sergey', 'Korolev', 'skorolev@mail.ru', '1907-01-01', '123', '2018-01-01', 'true'),
   	('6', 'Gallileo', 'Galilei', 'gg77@gmail.com', '1988-01-01', '123', '2018-01-01', 'false'),
   	('7', 'Pinky', 'Brain', 'brain@gmail.com', '1967-01-01', '123', '2018-01-31', 'false'),
   	('8', 'Patrik', 'Star', 'stars@gmail.com', '1977-01-01', '123', '2018-01-31', 'false'),
   	('9', 'Forest', 'Hamp', 'fhamp@gmail.com', '1970-01-01', '123', '2018-01-31', 'false'),
   	('10', 'Frodo', 'Torbins', 'ftorbins@gmail.com', '1989-05-15', '123', '2018-01-31', 'false'),
   	('11', 'Dovakin', 'Dragonborn', 'bdovakin@gmail.com', '1977-01-11', '123', '2018-01-31', 'false'),
   	('12', 'Sponge', 'Bob', 'spgb@gmail.com', '1990-01-01', '123', '2018-01-31', 'false')
;

insert into ROUTES (id, creation_date, start_point, destination_point, route_type, user_id)
 values
	('1', '2018-01-31', 'Москва', 'Воронеж', '1', '4'),
	('2', '2018-01-31', 'Москва', 'Воронеж', '2', '4'),
	('3', '2018-01-31', 'Москва', 'Воронеж', '3', '1'),

	('4', '2018-02-01', 'Воронеж', 'Тбилиси', '1', '7'),
	('5', '2018-02-02', 'Воронеж', 'Тбилиси', '2', '7'),
	('6', '2018-02-03', 'Воронеж', 'Тбилиси', '3', '7'),

	('7', '2018-02-03', 'Воронеж', 'Санкт-Петербург', '1', '9'),
	('11', '2018-02-05', 'Воронеж', 'Санкт-Петербург', '3', '7'),
	('12', '2018-02-06', 'Воронеж', 'Санкт-Петербург', '2', '2'),

	('13', '2018-02-07', 'Воронеж', 'Тбилиси', '1', '4'),
	('14', '2018-02-08', 'Воронеж', 'Тбилиси', '2', '12'),

	('15', '2018-02-08', 'Воронеж', 'Ростов-на-Дону', '1', '4'),
	('16', '2018-02-10', 'Воронеж', 'Ростов-на-Дону', '2', '7'),

	('17', '2018-02-10', 'Воронеж', 'Санкт-Петербург', '3', '4'),

	('21', '2018-02-14', 'Воронеж', 'Магадан', '3', '1'),

	('22', '2018-02-15', 'Москва', 'Магадан', '2', '6'),
	('23', '2018-02-16', 'Москва', 'Магадан', '3', '1'),
	('24', '2018-02-17', 'Москва', 'Магадан', '1', '6'),

	('25', '2018-02-18', 'Воронеж', 'Магадан', '1', '11'),

	('26', '2018-02-19', 'Москва', 'Санкт-Петербург', '2', '1'),
	('27', '2018-02-20', 'Москва', 'Санкт-Петербург', '1', '12')
;

insert into EDGES (id, creation_date, start_point, destination_point, distance, duration, start_date, end_date, cost, currency, transport_type)
 values
	('1', '2018-01-31', 'Москва', 'Воронеж', '600', '2.15', '2018-03-01', '2018-03-01', '51', 'USD', 'plane'),
	('2', '2018-01-31', 'Москва', 'Воронеж', '600', '6.20', '2018-03-01', '2018-03-02', '15', 'USD', 'train'),
	('3', '2018-01-31', 'Москва', 'Воронеж', '600', '8.20', '2018-03-01', '2018-03-02', '12', 'USD', 'bus'),

	('4', '2018-02-01', 'Воронеж', 'Тбилиси', '1180', '6.10', '2018-03-01', '2018-03-01', '163', 'USD', 'plane'),
	('5', '2018-02-01', 'Ростов-на-Дону', 'Тбилиси', '738', '1.30', '2018-03-01', '2018-03-01', '51', 'USD', 'plane'),
	('6', '2018-02-01', 'Воронеж', 'Ростов-на-Дону', '500', '5', '2018-03-01', '2018-03-02', '15', 'USD', 'train'),
	('7', '2018-02-01', 'Воронеж', 'Ростов-на-Дону', '500', '6', '2018-03-01', '2018-03-02', '13', 'USD', 'bus'),

	('8', '2018-02-03','Воронеж', 'Санкт-Петербург', '1080', '1.55', '2018-03-01', '2018-03-02', '77', 'USD', 'plane'),
	('9', '2018-02-03','Воронеж', 'Тамбов', '185', '2.5', '2018-03-01', '2018-03-01', '8', 'USD', 'bus'),
	('10', '2018-02-03','Тамбов', 'Санкт-Петербург', '1060', '2', '2018-03-01', '2018-03-01', '70', 'USD', 'plane'),
	('11', '2018-02-03','Воронеж', 'Санкт-Петербург', '1080', '9', '2018-03-01', '2018-03-02', '74', 'USD', 'train'),

	('12', '2018-02-03','Воронеж', 'Магадан', '6100', '14.45','2018-03-01', '2018-03-03', '388', 'USD', 'plane'),
	('13', '2018-02-03','Воронеж', 'Белгород', '200', '3.2','2018-03-01', '2018-03-01', '10', 'USD', 'bus'),
	('14', '2018-02-03','Белгород', 'Магадан', '5800', '13','2018-03-01', '2018-03-03', '333', 'USD', 'plane'),	

	('15', '2018-02-03','Москва', 'Магадан', '5950', '7','2018-03-01', '2018-03-03', '239', 'USD', 'plane'),


	('16', '2018-02-18','Москва', 'Санкт-Петербург', '639', '1.20','2018-03-01', '2018-03-01', '31', 'USD', 'plane'),
	('17', '2018-02-18','Москва', 'Санкт-Петербург', '639', '6.2','2018-03-01', '2018-03-02', '15', 'USD', 'train'),
	('18', '2018-02-18','Москва', 'Санкт-Петербург', '639', '6.5','2018-03-01', '2018-03-02', '13', 'USD', 'bus')
;

insert into ROUTE_EDGES (route_id, edge_id, edge_order)
 values
	('1', '3', '1'),
	('2', '2', '1'),
	('3', '1', '1'),

	('4', '7', '1'),
	('4', '5', '2'),
	('5', '6', '1'),	
	('5', '5', '2'),
	('6', '4', '1'),

	('7', '9', '1'),
	('7', '10', '2'),
	('11', '8', '1'),
	('12', '11', '1'),

	('13', '7', '1'),
	('13', '5', '2'),
	('14', '6', '1'),
	('14', '5', '2'),

	('15', '7', '1'),
	('16', '6', '1'),

	('17', '8', '1'),

	('21', '12', '1'),

	('22', '15', '1'),
	('23', '15', '1'),
	('24', '15', '1'),

	('25', '13', '1'),
	('25', '14', '2'),

	('26', '17', '1'),
	('27', '18', '1')
;









